M' GLADBACH|KOLN|1,90|1,80
ATH.BILBAO|GETAFE|1,80|1,90
DAC STREDA|ZILINA|1,90|1,80
VORSKLA POLTAVA|MARIUPOL|1,76|1,95
DYNAMO KYIV|STAL K.|2,70|1,40
MATTERSBURG|AUSTRIA VIENNA|1,90|1,80
BATE BORISOV|KRUMKACHY MINSK|2,90|1,35
RUDES|HAJDUK|1,90|1,80
TOLUCA|NECAXA|2,03|1,70
PORTO|MOREIRENSE|2,41|1,50
ROSTOV|KRASNODAR|1,47|2,50
KAYSERISPOR|GOZTEPE|1,90|1,80
OVIEDO|RAYO VALLECANO|1,60|2,20
MOESKROEN|GENT|1,76|1,95
DUNAV RUSE|LUDOGORETS|2,19|1,60
VIKINGUR O.|BREIDABLIK|2,29|1,55
VIKINGUR|KA AKUREYRI|2,19|1,60
VIKING|BRANN|1,80|1,90
CLUJ|VOLUNTARI|1,80|1,90
PARTIZAN|NAPREDAK|2,11|1,65
RADNIK SUR.|ZEMUN|1,60|2,20
BARCELONA|BETIS|3,20|1,30
PLATANIAS|PANATHINAIKOS|1,53|2,35
GIMNASTIC|ALMERIA|1,55|2,30
BOLOGNA|TORINO|1,69|2,05
UDINESE|CHIEVO|1,62|2,15
SASSUOLO|GENOA|1,80|1,90
LAZIO|SPAL|2,11|1,65
SAMPDORIA|BENEVENTO|1,80|1,90
INTER|FIORENTINA|2,03|1,70
CROTONE|MILAN|2,03|1,70
FENERBAHCE|TRABZON|1,96|1,75
ANTALYA|AKHISAR|1,85|1,85
AVAI|SAO PAULO|1,55|2,30
BAHIA|VASCO DA GAMA|1,72|2,00
PONTE PRETA|BOTAFOGO|1,47|2,50
CRUZEIRO|SPORT RECIFE|1,69|2,05
PSG|TOULOUSE|3,20|1,30
DINAMO Z.|SLAVEN|2,03|1,70
OSIJEK|INTER ZAPRESIC|1,72|2,00
AVES|BRAGA|1,62|2,15
MARITIMO|BOAVISTA|1,53|2,35
GRANADA|ALBACETE|1,76|1,95
LA CORUNA|REAL MADRID|2,41|1,50
PALMEIRAS|CHAPECOENSE|1,80|1,90
CORITIBA|SANTOS|1,53|2,35
NY CITY|NEW ENGLAND|2,70|1,40
SEATTLE|MINNESOTA|2,90|1,35
BOTOSANI|CON.CHIAJNA|1,62|2,15
ZAGLEBIE|WISLA KRAKOW|1,96|1,75
NORDSJAELLAND|HELSINGOR|2,55|1,45
SARPSBORG 08|STROMSGODSET|2,03|1,70
AKHMAT GROZNY|ARSENAL TULA|1,55|2,30
SUNDSVALL|KALMAR|1,69|2,05
OREBRO|HAMMARBY TFF|2,03|1,70
GEFLE|TRELLEBORG|2,03|1,70
SEPTEMVRI SOFIA|BEROE|1,62|2,15
UTRECHT II|OSS|2,55|1,45
PSV II|DE GRAAFSCHAP|2,11|1,65
DINAMO BUC.|SEPSI|1,85|1,85
LUGO|REUS|1,47|2,50
WINTERTHUR|SERVETTE|2,19|1,60
LEVANTE|VILLAREAL|1,55|2,30
ATROMITOS|APOLLON S.|1,55|2,30
BIELEFELD|BOCHUM|1,85|1,85
CHATEAUROUX|NIMES|1,80|1,90
KONYASPOR|GENCLERBIRLIGI|1,62|2,15
MAN.CITY|EVERTON|2,41|1,50
FEIRENSE|FERREIRA|1,55|2,30
VALUR|GRINDAVIK|2,70|1,40
STJARNAN|FJOLNIR|2,55|1,45
MALAGA|EIBAR|1,69|2,05
FLUMINENSE|ATLETICO MINEIRO|1,76|1,95
HAFNARFJORDUR|KR REYKJAVIK|-|-
LEON|MONTERREY|1,90|1,80
KANSAS CITY|DALLAS|1,76|1,95
COLORADO|D.C. UNITED|1,96|1,75
VANCOUVER|HOUSTON|2,11|1,65
GUADALAJARA|PUEBLA|2,11|1,65
SAN JOSE|PHILADELPHIA|2,11|1,65
CHANGCHUN|TIANJIN SONGJIANG|1,85|1,85
ZIZKOV|VITKOVICE|1,85|1,85
VISSEL KOBE|YOKOHAMA F.MARINOS|1,80|1,90
ODENSE|MIDTJYLLAND|2,11|1,65
DAEGU|SANGJU|1,80|1,90
INCHEON UNITED|POHANG STEELERS|1,76|1,95
REAL QUELUZ|SPORTING II|1,76|1,95
EXCELSIOR|FEYENOORD|2,41|1,50
AVARTA|MIDDELFART|2,25|1,50
NURNBERG|UNION BERLIN|1,96|1,75
INGOLSTADT|JAHN REGENSBURG|1,90|1,80
HOLSTEIN KIEL|GREUTHER FURTH|1,62|2,15
GUANGZHOU R&F|SHANDONG|2,70|1,40
HENAN JIANYE|CHONGQING|1,62|2,15
LOTTE|CZ JENA|1,62|2,15
WURZBURGER|HANSA|1,60|2,20
AMKAR|ZENIT|1,62|2,15
ANDERLECHT|ST.TRUIDEN|2,29|1,55
HB KOGE|NYKOBING|1,80|1,90
SKIVE|VEJLE KOLDING|2,11|1,65
FREDERICIA|ROSKILDE|2,19|1,60
FREMAD AMAGER|VIBORG|1,90|1,80
ESBJERG|THISTED|2,29|1,55
HUDDERSFIELD|NEWCASTLE|1,69|2,05
UTRECHT|WILLEM II|1,90|1,80
AJAX|GRONINGEN|2,70|1,40
LILLE|CAEN|1,90|1,80
DJURGARDEN|HALMSTAD|2,11|1,65
OSTERSUNDS|AIK|1,69|2,05
HELSINGBORG|GAIS|1,96|1,75
BROMMAPOJKARNA|VARNAMO|2,55|1,45
NEMAN GRODNO|DINAMO MINSK|1,60|2,20
FREIBURG|EINTR.FRANKFURT|1,72|2,00
WISLA PLOCK|LEGIA|1,90|1,80
DERRY CITY|DUNDALK|1,90|1,80
BEERSCHOT WILRIJK|TUBIZE|2,11|1,65
GREMIO|ATLETICO PR|1,72|2,00
HOBRO IK|LYNGBY|2,11|1,65
SPARTAK M.II|ROTOR|1,80|1,90
ZIRKA|ZORYA|1,72|2,00
KARPATY|OLEKSANDRIA|1,60|2,20
BASEL|LUGANO|3,20|1,30
GRASSHOPPERS|ST.GALEN|2,19|1,60
SION|LUZERN|2,19|1,60
AARAU|VADUZ|2,41|1,50
LASK|ALTACH|1,80|1,90
SALZBURG|ST.POLTEN|2,29|1,55
DINAMO MOSCOW|UFA|1,47|2,50
SPARTA|ZWOLLE|2,03|1,70
NAC BREDA|PSV|2,55|1,45
MINSK|SLAVIA MOZYR|1,60|2,20
TOTTENHAM|CHELSEA|1,96|1,75
OLYMPIQUE MARSEILLE|ANGERS|1,96|1,75
SETUBAL|CHAVES|1,53|2,35
VYSOCINA JIHLAVA|PLZEN|1,85|1,85
JABLONEC|DUKLA PRAHA|1,90|1,80
SIGMA O.|BRNO|1,80|1,90
BUDEJOVICE|HRADEC|1,85|1,85
VLASIM|VARNSDORF|1,80|1,90
FALKENBERG|ATVIDABERG|2,41|1,50
NORRBY|DALKURD FF|2,41|1,50
SLAVIA SOFIA|ETAR|1,62|2,15
KUPS|MARIEHAMN|1,90|1,80
VPS|ILVES|1,55|2,30
JJK|HELSINKI|2,41|1,50
VIITORUL|CS UNIVERZITATEA|1,53|2,35
GOTEBORG|HACKEN|1,96|1,75
SIRIUS|NORRKOPING|2,11|1,65
KORTRIJK|CLUB BRUGGE|1,96|1,75
DINAMO BREST|SHAKHTYOR|1,60|2,20
AARHUS|BRONDBY|2,11|1,65
AKRANES|IBV|2,55|1,45
ATALANTA|ROMA|2,03|1,70
M' GLADBACH|KOLN|1,90|1,80
ODD GRENLAND|SANDEFJORD|1,80|1,90
ROSENBORG|HAUGESUND|2,41|1,50
SOGNDAL|KRISTIJANSUND|1,85|1,85
STABAEK|MOLDE|2,19|1,60
TROMSO|AALESUND|2,03|1,70
LKS NIECIECZA|LECH POZNAN|1,80|1,90
BORAC C.|CRVENA ZVEZDA|2,41|1,50
LEVADIAKOS|PAOK|1,85|1,85
KERKYRA|PANIONIOS|1,47|2,50
AEK|PANETOLIKOS|1,72|2,00
MACVA|RAD|1,69|2,05
ZLIN|KARVINA|1,80|1,90
OSTRAVA|TEPLICE|1,69|2,05
MAS TABORSKO|PRIBRAM|1,72|2,00
VEREYA|LOKOMOTIV PLOVDIV|1,72|2,00
MEDIAS|ACS TIMISOARA|1,60|2,20
GENK|CHARLEROI|1,80|1,90
TORPEDO ZHODINO|VITEBSK|1,60|2,20
COPENHAGEN|SONDERJYLLAND|2,03|1,70
JUVENTUS|CAGLIARI|2,29|1,55
PUSKAS|BALMAZUJVAROS|1,90|1,80
MEZOKOVESD|HONVED|1,96|1,75
LILLESTROM|VALERENGA|2,11|1,65
PIAST GLIWICE|KORONA KIELCE|1,96|1,75
BOHEMIANS 05|SLAVIA PRAHA|1,69|2,05
OPAVA|SOKOLOV|2,29|1,55
DEGERFORS|VARBERGS BOIS FC|1,90|1,80
AL SHABAB R.|AL QADISIYAH KHUBAR|2,03|1,70
XANTHI|LAMIA|1,53|2,35
ASTERAS TRIPOLIS|PAS GIANNINA|1,60|2,20
CELTA|SOCIEDAD|1,80|1,90
WOLFSBERGER|ADMIRA|1,69|2,05
STOKE|ARSENAL|2,03|1,70
SUNDERLAND|LEEDS|1,72|2,00
TWENTE|VVV VENLO|2,19|1,60
SCHALKE|RB LEIPZIG|1,90|1,80
TRNAVA|SLOVAN B.|1,80|1,90
CHERNOMORETS ODESSA|VERES|1,53|2,35
SHAKHTAR|OLIMPIK D.|2,70|1,40
RUBIN|ANZHI|1,55|2,30
BALTIKA|FAKEL|1,60|2,20
ZLATE MORAVCE|TATRAN PRESOV|1,76|1,95
TRENCIN|ZEMPLIN|2,19|1,60
SENICA|NITRA|1,72|2,00
SPARTAK S.|VOZDOVAC|1,80|1,90
BURSASPOR|ALANYASPOR|2,41|1,50
KARDEMIR|BUYUKSEHIR|1,90|1,80
OSASUNA|SEVILLA II|1,69|2,05
ALCORCON|GIJON|1,55|2,30
THUN|LAUSANNE|2,41|1,50
ZURICH|YOUNG BOYS|2,29|1,55
CHIASSO|WIL|2,11|1,65
RAPPERSWIL|WOHLEN|2,19|1,60
GUIMARAES|SPORTING|1,85|1,85
LIMERICK|BOHEMIANS D.|1,80|1,90
AZ ALKMAAR|ADO DEN HAAG|2,55|1,45
AL FAIHA|AL ITIHAD J.|2,11|1,65
WAAS.BEVEREN|LOKEREN|1,80|1,90
EUPEN|OOSTENDE|2,19|1,60
CSKA SOFIA|VITOSHA B.|2,41|1,50
SAINT-Ã‰TIENNE|AMIENS|1,76|1,95
RENNES|DIJON|1,85|1,85
NICE|GUINGAMP|1,80|1,90
MONTPELLIER|STRASBOURG|1,96|1,75
TROYES|NANTES|1,60|2,20
JUVENTUS BUC.|FCSB|1,69|2,05
CUKARICKI|RADNICKI N.|1,76|1,95
JAVOR|VOJVODINA|1,60|2,20
M.BOLESLAV|LIBEREC|1,85|1,85
GIRONA|ATL.MADRID|1,76|1,95
MECHELEN|ANTWERP|1,85|1,85
LEUVEN|CERCLE BRUGGE|1,90|1,80
OLYMPIAKOS|LARISA|2,55|1,45
UJPEST|DIOSGYOR|1,90|1,80
JAGIELLONIA|SLASK|2,03|1,70
LONGFORD|ATHLONE|2,70|1,40
CORDOBA|CADIZ|1,60|2,20
NUMANCIA|HUESCA|1,60|2,20
HEERENVEEN|HERACLES|2,41|1,50
VERONA|NAPOLI|2,29|1,55
OSMANLISPOR|GALATASARAY|2,11|1,65
SIVASSPOR|MALATYASPOR|1,76|1,95
CORINTHIANS|VITORIA|1,90|1,80
RIJEKA|LOK.ZAGREB|2,03|1,70
CRB|LUVERDENSE|1,69|2,05
BOA|CEARA CE|1,47|2,50
GUARANI|SANTA CRUZ|1,69|2,05
ABC RN|INTERNACIONAL|1,60|2,20
BENFICA|BELENENSES|2,41|1,50
VALLADOLID|BARCELONA II|1,80|1,90
SEVILLA|ESPANYOL|2,03|1,70
FLAMENGO|ATLETICO GO|1,90|1,80
PAYSANDU|PARANA|1,47|2,50
CRUZ AZUL|ATLAS|1,60|2,20
LOBOS|AMERICA|2,03|1,70
ORLANDO CITY|COLUMBUS|2,29|1,55
MONTREAL|SALT LAKE|2,55|1,45
TIGRES UANL|PUMAS UNAM|1,85|1,85
VERACRUZ|QUERETARO|1,80|1,90
CHICAGO|TORONTO|2,29|1,55
FULHAM|SHEFFIELD W.|2,03|1,70
IPSWICH|BRENTFORD|2,11|1,65
NOTT.FOREST|MIDDLESBROU.|1,76|1,95
PRESTON|READING|1,76|1,95
QPR|HULL|1,69|2,05
WOLVERHAMPTON|CARDIFF|1,69|2,05
BRADFORD|BLACKBURN|1,60|2,20
BURY|BRISTOL ROVERS|1,90|1,80
CHARLTON|NORTHAMPTON|1,80|1,90
DONCASTER|BLACKPOOL|1,76|1,95
FLEETWOOD|WIMBLEDON|1,62|2,15
MILTON KEYNES DONS|GILLINGHAM|1,85|1,85
OLDHAM|WIGAN|1,53|2,35
PETERBOROUGH|ROTHERHAM|2,03|1,70
PORTSMOUTH|WALSALL|1,72|2,00
SCUNTHORPE|OXFORD|1,85|1,85
SHREWSBURY|ROCHDALE|1,76|1,95
SOUTHEND|PLYMOUTH|1,80|1,90
ACCRINGTON|MANSFIELD|1,80|1,90
CARLISLE|CHELTENHAM|1,90|1,80
CHESTERFIELD|PORT VALE|1,85|1,85
COVENTRY|NEWPORT|1,80|1,90
CRAWLEY TOWN|CAMBRIDGE|1,76|1,95
CREWE|BARNET|1,85|1,85
EXETER|LINCOLN CITY|1,85|1,85
FOREST GREEN|YEOVIL|1,96|1,75
LUTON|COLCHESTER|1,96|1,75
MORECAMBE|SWINDON|2,03|1,70
STEVENAGE|GRIMSBY|1,80|1,90
WYCOMBE|NOTTS COUNTY|1,76|1,95
BOREHAM WOOD|ALDERSHOT|1,90|1,80
BROMLEY|HARTLEPOOL|1,72|2,00
CHESTER|SUTTON UNITED|1,76|1,95
DOVER ATHLETIC|BARROW|1,76|1,95
EASTLEIGH|TRANMERE|1,76|1,95
FYLDE|DAG & RED|2,11|1,65
GATESHEAD|MACCLESFIELD|1,69|2,05
GUISELEY|TORQUAY|1,85|1,85
MAIDENHEAD|EBBSFLEET|1,85|1,85
MAIDSTONE UTD|WREXHAM|1,72|2,00
SOLIHULL|HALIFAX|1,96|1,75
WOKING|LEYTON|1,96|1,75
HIFK|ROPS|1,72|2,00
PS KEMI|INTER TURKU|1,76|1,95
HONKA|HAKA|2,41|1,50
GRIFK|KPV|2,11|1,65
AC OULU|GNISTAN|2,19|1,60
TAMBOV|KUBAN|1,60|2,20
RANGERS|HEARTS|2,03|1,70
ABERDEEN|DUNDEE|2,11|1,65
ST.JOHNSTONE|PARTICK|1,69|2,05
HIBERNIAN|HAMILTON|1,96|1,75
MOTHERWELL|ROSS COUNTY|2,03|1,70
DUNDEE UTD.|BRECHIN|2,41|1,50
DUNFERMLINE|FALKIRK|1,90|1,80
INVERNESS|MORTON|1,85|1,85
LIVINGSTON|ST.MIRREN|1,96|1,75
QUEEN OF S.|DUMBARTON|2,03|1,70
ALBION|AIRDRIE|2,41|1,50
ALLOA|QUEEN'S PARK|2,11|1,65
ARBROATH|EAST FIFE|2,03|1,70
RAITH|FORFAR|2,55|1,45
STRANRAER|AYR UTD.|2,19|1,60
BERWICK|ANAN ATHLETIC|2,55|1,45
ELGIN|CLYDE|2,41|1,50
MONTROSE|COWDENBEATH|2,11|1,65
STENHOUSEMUIR|PETERHEAD|2,41|1,50
STIRLING|EDINBURGH C.|2,03|1,70
AFC ESKILSTUNA|MALMO|2,11|1,65
SYRIANSKA|OSTERS|2,11|1,65
SPARTAK MOSCOW|LOK.MOSCOW|1,60|2,20
ST.GILLOISE|WESTERLO|1,96|1,75
GORODEYA|SLUTSK|1,46|2,35
SJK|LAHTI|1,55|2,30
OLYMPIQUE LYON|BORDEAUX|2,29|1,55
FYLKIR|LEIKNIR F.|2,90|1,35
OLIMPIA G.|CHROBRY GLOGOW|1,69|2,05
NIEPOLOMICE|ODRA OPOLE|1,76|1,95
POGON SIEDLCE|WIGRY SUWLAKI|1,72|2,00
RAKOW|GKS KATOWICE|1,72|2,00
TONDELA|ESTORIL|1,60|2,20
ACADEMICO V.|LEIXOES|1,69|2,05
PIEDADE|AROUCA|1,62|2,15
SP.COVILHA|GUIMARAES II|1,60|2,20
PORTO II|PENAFIEL|1,80|1,90
OLIVEIRENSE|NACIONAL|1,62|2,15
U. MADEIRA|ACADEMICA|1,55|2,30
VARZIM|GIL VICENTE|1,62|2,15
VOLGAR A.|KURSK|1,60|2,20
OFK BACKA|MLADOST LUC.|1,47|2,50
CRACOVIA K.|GORNIK|1,85|1,85
CORK CITY|SLIGO|2,29|1,55
BURTON|BIRMINGHAM|1,60|2,20
METZ|MONACO|2,55|1,45
LECCZNA BOGDANKA|STAL MIELEC|1,76|1,95
RUCH CHORZOW|STOMIL|1,80|1,90
ST.PATRICK'S|FINN HARPS|1,85|1,85
GALWAY|SHAMROCK|1,85|1,85
BRAY|DROGHEDA|2,11|1,65
WATERFORD|UCD|2,03|1,70
SHELBOURNE|COBH RAMBLERS|1,72|2,00
KASIMPASA|BESIKTAS|2,41|1,50
NEWTOWN|NEWI CEFN DRUIDS|2,29|1,55
WEXFORD|CABINTEELY|1,76|1,95
THROTTUR R.|HK KOPAVOGUR|2,55|1,45
HAUKAR|KEFLAVIK|2,11|1,65
RIO AVE|PORTIMONENSE|1,69|2,05
TENERIFE|ZARAGOZA|1,60|2,20
VALENCIA|LAS PALMAS|2,03|1,70
JUVENTUDE|VILLA NOVA|1,55|2,30
CRICIUMA|OESTE|1,60|2,20
MORELIA|PACHUCA|1,76|1,95
RACING CLUB|ATLETICO MITRE|2,11|1,65
GOIAS|AMERICA MINEIRO|1,60|2,20
TIJUANA|SANTOS LAGUNA|1,80|1,90
YANBIAN|JIANGSU|2,29|1,55
PARDUBICE|SLOVAN USTI|1,76|1,95
TRINEC|OLIMPIA PRAHA|2,29|1,55
JUBILO IWATA|CEREZO OSAKA|1,80|1,90
KASHIMA A.|SHIMIZU SP|2,19|1,60
GUIZHOU ZHICHENG|SHANGHAI DONGYA|2,29|1,55
ALBIREX NIIGATA|VEGALTA SENDAI|1,76|1,95
GAMBA OSAKA|KASHIWA R.|1,96|1,75
SANFRECCE HIROSHIMA|KOFU|1,62|2,15
KAWASAKI F.|SAPPORO|2,19|1,60
SANGAN|OMIYA ARDIJA|1,69|2,05
URAWA RD|TOKYO|2,19|1,60
JEJU UNITED|JEONNAM D.|2,55|1,45
JEONBUK M.|GWANGJU SANGMU|2,29|1,55
SEOUL|ULSAN|1,96|1,75
SUWON BLUEWINGS|GANGWON FC|2,11|1,65
BRAGA II|SANTA CLARA|1,62|2,15
SIBIR|OLIMPIETS|1,53|2,35
ENISEY|ZENIT II|1,80|1,90
FAMALICAO|BENFICA II|1,85|1,85
HIK|NAESBY|2,06|1,60
HEIDENHEIM|DUISBURG|1,72|2,00
FORTUNA DUSSELDORF|K'LAUTERN|1,60|2,20
DINAMO DRESDEN|SANDHAUSEN|1,72|2,00
SHEFFIELD UTD|BARNSLEY|1,90|1,80
SWANSEA|MAN.UTD.|1,96|1,75
NIIGATA II|TAMPINES ROVERS|2,41|1,50
KILMARNOCK|CELTIC|2,55|1,45
HEBEI CFFC|GUOAN BEIJING|2,03|1,70
SHANGHAI SHENHUA|GUANGZHOU E.|2,70|1,40
LIAONING FC|TIANJIN TEDA|1,85|1,85
DALUM|GREVE|2,25|1,50
CHEMNITZ|OSNABRUCK|1,80|1,90
RW ERFURT|PADERBORN|1,69|2,05
HALLESCHER|UNTERHACHING|1,80|1,90
MUNSTER|MAGDEBURG|1,72|2,00
SONNENHOF|AALEN|1,69|2,05
W.BREMEN II|WEHEN|1,69|2,05
URAL|CSKA|1,60|2,20
SHINNIK|KHIMKI|-|-
DYNAMO SPB|TOMSK|1,69|2,05
TYUMEN|KRYLYA SOVETOV|1,60|2,20
KHIMKI|SHINNIK|1,62|2,15
GKS TYCHY|BYTOVIA BYTOW|1,76|1,95
BRONSHOJ|SKOVSHOVED|2,06|1,60
FREM|NAESTVED|1,98|1,65
AB KOBENHAVN|HILLEROD|2,15|1,55
ARHUS FREMAD|SYDVEST|2,06|1,60
LENS|BREST|1,62|2,15
ORENBURG|ENERGIYA V.|1,60|2,20
WOLFSBURG|DORTMUND|2,55|1,45
HERTHA|STUTTGART|1,85|1,85
HOFFENHEIM|WERDER|2,70|1,40
HAMBURGER|AUGSBURG|1,72|2,00
MAINZ|HANNOVER|1,76|1,95
ARKA GDYNIA|POGON SZCZECIN|1,76|1,95
RAPID|STURM|2,11|1,65
SOUTHAMPTON|WEST HAM|1,96|1,75
LIVERPOOL|CRYSTAL PAL.|2,41|1,50
LEICESTER|BRIGHTON|1,85|1,85
BURNLEY|WBA|1,55|2,30
BOURNEMOUTH|WATFORD|1,96|1,75
ASTON VILLA|NORWICH|1,76|1,95
BOLTON|DERBY|1,62|2,15
BRISTOL CITY|MILLWALL|1,96|1,75
GERMANY W19|FRANCE W19|1,80|1,90
VARDAR|FENERBAHCE|1,96|1,75
PAOK|OSTERSUNDS|1,62|2,15
PLZEN|AEK LARNACA|1,69|2,05
IR REYKJAVIK|GROTTA|2,11|1,65
SELFOSS|LEIKNIR|2,11|1,65
PANATHINAIKOS|ATH.BILBAO|1,55|2,30
ALTACH|MACCABI T.A.|1,55|2,30
LUDOGORETS|SUDUVA|2,41|1,50
CLUB BRUGGE|AEK|1,60|2,20
DOMZALE|OLYMPIQUE MARSEILLE|1,96|1,75
VIITORUL|SALZBURG|1,69|2,05
AJAX|ROSENBORG|2,11|1,65
LEGIA|SHERIFF TIRASPOL|1,96|1,75
OSIJEK|AUSTRIA VIENNA|1,60|2,20
MILAN|SHKENDIJA|2,55|1,45
PARTIZAN|VIDEOTON|1,90|1,80
EVERTON|HAJDUK|2,03|1,70
MARITIMO|DYNAMO KYIV|1,53|2,35
ATLETICO HUILA|CPD JUNIOR|1,53|2,35
ONCE CALDAS|DEPORTIVO TOLIMA|1,60|2,20
INDEPENDIENTE|ATLETICO TUCUMAN|1,55|2,30
MILLIONARIOS|JAGUARES C.|1,60|2,20
HOUGANG UTD.|GEYLANG UNITED|2,11|1,65
NAFTAN|DNEPR MOGILEV|1,85|1,85
SEPIDROOD RASHT|PEYKAN|1,41|2,70
TPS|E.I.F.|2,11|1,65
OPS|JARO|2,29|1,55
BOTEV PLOVDIV|CHERNO MORE|1,76|1,95
GOMEL|MINSK ISLOCH|1,60|2,20
HORSENS|AALBORG|1,80|1,90
FOOLAD|GOSTARESH|1,41|2,70
PADIDEH MASHHAD|ESTEGHLAL K.|1,41|2,70
LECH.GDANSK|SANDECJA|1,85|1,85
FAC WIEN|KAPFENBERG|2,11|1,65
NEUSTADT|WATTENS|2,19|1,60
HARTBERG|RIED|2,03|1,70
A.LUSTENAU|BW LINZ|2,19|1,60
HVIDOVRE|B93|2,15|1,55
MARIENLYST|KOLDING IF|2,37|1,45
DARMSTADT|ST.PAULI|1,76|1,95
BRAUNSCHWEIG|ERZGEBIRGE AUE|1,76|1,95
TOSNO|SKA KHABAROVSK|1,41|2,70
PODBREZOVA|RUZOMBEROK|1,72|2,00
FORTUNA K.|KARLSRUHER|1,72|2,00
SV MEPPEN|ZWICKAU|1,80|1,90
HOFFENHEIM II|STEINBACH|2,19|1,60
JONKOPINGS SODRA|ELFSBORG|1,96|1,75
ORGRYTE|IK FREJ|2,11|1,65
DEBRECEN|VASAS|1,69|2,05
ZNOJMO|FRIDEK MISTEK|2,19|1,60
AL NASSR R.|AL ETTIFAQ|2,19|1,60
OFK PIRIN|LEVSKI SOFIA|1,69|2,05
REIMS|BOURG PERONNAS|1,90|1,80
NIORT|TOURS|1,60|2,20
AUXERRE|ORLEANS|1,47|2,50
AJACCIO|PARIS|1,53|2,35
NANCY|SOCHAUX|1,60|2,20
LE HAVRE|VALENCIENNES|1,72|2,00
CLERMONT|LORIENT|1,80|1,90
GAZELEC AJACCIO|QUEVILLY|1,60|2,20
HERBIERS|LYON DUCHERE|1,60|2,20
CRETEIL|AVRANCHES|1,80|1,90
CONCARNEAU|CHAMBLY|1,60|2,20
BOULOGNE|GRENOBLE|1,55|2,30
RODEZ|LAVAL|1,55|2,30
ENTENTE|BEZIERS|1,60|2,20
RODA|VITESSE|2,03|1,70
NEC|ALMERE|2,70|1,40
MVV|GO AHEAD|1,90|1,80
FORTUNA S.|DORDRECHT|2,11|1,65
DEN BOSCH|AZ ALKMAR II|2,19|1,60
EINDHOVEN|TELSTAR|2,41|1,50
CAMBUUR|AJAX II|2,55|1,45
VOLENDAM|HELMOND|2,41|1,50
RKC WAALWIJK|EMMEN|2,19|1,60
ISTRA 1961|CIBALIA|1,69|2,05
THOR|FRAM|2,29|1,55
CHOJNICZANKA|BIELSKO BIALA|1,85|1,85
LEGNICA|ZAGLEBIE S.|1,80|1,90
ASTRA GIURGIU|CSMS IASI|1,60|2,20
LA HOYA LORCA|CULTURAL LEONESA|1,55|2,30
XAMAX|SCHAFFHAUSEN|2,41|1,50
RANDERS|SILKEBORG|1,80|1,90
SPARTA PRAHA|SLOVACKO|2,19|1,60
LEGANES|ALAVES|1,47|2,50
INNSBRUCK|LIEFERING|2,29|1,55
STANDARD|ZULTE-WAREGEM|2,03|1,70
LIERSE|ROESELARE|2,11|1,65
BAYERN|LEVERKUSEN|2,70|1,40
GERMANY W19|FRANCE W19|1,80|1,90
VARDAR|FENERBAHCE|1,96|1,75
PAOK|OSTERSUNDS|1,62|2,15
PLZEN|AEK LARNACA|1,69|2,05
IR REYKJAVIK|GROTTA|2,11|1,65
SELFOSS|LEIKNIR|2,11|1,65
PANATHINAIKOS|ATH.BILBAO|1,55|2,30
ALTACH|MACCABI T.A.|1,55|2,30
LUDOGORETS|SUDUVA|2,41|1,50
CLUB BRUGGE|AEK|1,60|2,20
DOMZALE|OLYMPIQUE MARSEILLE|1,96|1,75
VIITORUL|SALZBURG|1,69|2,05
AJAX|ROSENBORG|2,11|1,65
LEGIA|SHERIFF TIRASPOL|1,96|1,75
OSIJEK|AUSTRIA VIENNA|1,60|2,20
MILAN|SHKENDIJA|2,55|1,45
PARTIZAN|VIDEOTON|1,90|1,80
EVERTON|HAJDUK|2,03|1,70
MARITIMO|DYNAMO KYIV|1,53|2,35
ATLETICO HUILA|CPD JUNIOR|1,53|2,35
ONCE CALDAS|DEPORTIVO TOLIMA|1,60|2,20
INDEPENDIENTE|ATLETICO TUCUMAN|1,55|2,30
MILLIONARIOS|JAGUARES C.|1,60|2,20
HOUGANG UTD.|GEYLANG UNITED|2,11|1,65
NAFTAN|DNEPR MOGILEV|1,85|1,85
SEPIDROOD RASHT|PEYKAN|1,41|2,70
TPS|E.I.F.|2,11|1,65
OPS|JARO|2,29|1,55
BOTEV PLOVDIV|CHERNO MORE|1,76|1,95
GOMEL|MINSK ISLOCH|1,60|2,20
HORSENS|AALBORG|1,80|1,90
FOOLAD|GOSTARESH|1,41|2,70
PADIDEH MASHHAD|ESTEGHLAL K.|1,41|2,70
LECH.GDANSK|SANDECJA|1,85|1,85
FAC WIEN|KAPFENBERG|2,11|1,65
NEUSTADT|WATTENS|2,19|1,60
HARTBERG|RIED|2,03|1,70
A.LUSTENAU|BW LINZ|2,19|1,60
HVIDOVRE|B93|2,15|1,55
MARIENLYST|KOLDING IF|2,37|1,45
DARMSTADT|ST.PAULI|1,76|1,95
BRAUNSCHWEIG|ERZGEBIRGE AUE|1,76|1,95
TOSNO|SKA KHABAROVSK|1,41|2,70
PODBREZOVA|RUZOMBEROK|1,72|2,00
FORTUNA K.|KARLSRUHER|1,72|2,00
SV MEPPEN|ZWICKAU|1,80|1,90
HOFFENHEIM II|STEINBACH|2,19|1,60
JONKOPINGS SODRA|ELFSBORG|1,96|1,75
ORGRYTE|IK FREJ|2,11|1,65
DEBRECEN|VASAS|1,69|2,05
ZNOJMO|FRIDEK MISTEK|2,19|1,60
AL NASSR R.|AL ETTIFAQ|2,19|1,60
OFK PIRIN|LEVSKI SOFIA|1,69|2,05
REIMS|BOURG PERONNAS|1,90|1,80
NIORT|TOURS|1,60|2,20
AUXERRE|ORLEANS|1,47|2,50
AJACCIO|PARIS|1,53|2,35
NANCY|SOCHAUX|1,60|2,20
LE HAVRE|VALENCIENNES|1,72|2,00
CLERMONT|LORIENT|1,80|1,90
GAZELEC AJACCIO|QUEVILLY|1,60|2,20
HERBIERS|LYON DUCHERE|1,60|2,20
CRETEIL|AVRANCHES|1,80|1,90
CONCARNEAU|CHAMBLY|1,60|2,20
BOULOGNE|GRENOBLE|1,55|2,30
RODEZ|LAVAL|1,55|2,30
ENTENTE|BEZIERS|1,60|2,20
RODA|VITESSE|2,03|1,70
NEC|ALMERE|2,70|1,40
MVV|GO AHEAD|1,90|1,80
FORTUNA S.|DORDRECHT|2,11|1,65
DEN BOSCH|AZ ALKMAR II|2,19|1,60
EINDHOVEN|TELSTAR|2,41|1,50
CAMBUUR|AJAX II|2,55|1,45
VOLENDAM|HELMOND|2,41|1,50
RKC WAALWIJK|EMMEN|2,19|1,60
ISTRA 1961|CIBALIA|1,69|2,05
THOR|FRAM|2,29|1,55
CHOJNICZANKA|BIELSKO BIALA|1,85|1,85
LEGNICA|ZAGLEBIE S.|1,80|1,90
ASTRA GIURGIU|CSMS IASI|1,60|2,20
LA HOYA LORCA|CULTURAL LEONESA|1,55|2,30
XAMAX|SCHAFFHAUSEN|2,41|1,50
RANDERS|SILKEBORG|1,80|1,90
SPARTA PRAHA|SLOVACKO|2,19|1,60
LEGANES|ALAVES|1,47|2,50
INNSBRUCK|LIEFERING|2,29|1,55
STANDARD|ZULTE-WAREGEM|2,03|1,70
LIERSE|ROESELARE|2,11|1,65
BAYERN|LEVERKUSEN|2,70|1,40
KOVO BELUSA|ZLATE MORAVCE|-|-
DOBRA NIVA|ZILINA|-|-
OPONICE|SLOVAN M.|-|-
ZALGIRIS|LIETAVA|2,70|1,40
ROCHLING VOLKLINGEN|MANNHEIM|2,19|1,60
ASANE|KONGSVINGER|2,29|1,55
BODO|FREDRIKSTAD|2,90|1,35
FLORO|MJONDALEN|2,41|1,50
JERV|ARENDAL|2,41|1,50
LEVANGER|ELVERUM|1,90|1,80
KARLSKRONA|KRISTIANSTAD|2,06|1,60
SUTJESKA|ISKRA|1,69|2,05
IBV|VIKINGUR O.|1,96|1,75
CLUB AFRICAIN|GABES|1,76|1,95
CS SFAXIEN|MONASTIRIENNE|1,72|2,00
LIDINGO|KERBURAN SYR.|3,60|1,20
DUNDEE M20|ALLOA|2,55|1,45
MOTHERWELL M20|QUEEN'S PARK|2,90|1,35
PORTSMOUTH|FULHAM M23|2,29|1,55
NORWICH|QPR|2,29|1,55
SHEFFIELD W.|SUNDERLAND|1,69|2,05
LEATHERHEAD|WORTHING|2,50|1,40
FARNBOROUGH|ROYSTON|2,25|1,50
FROME TOWN|WEYMOUTH|1,98|1,65
BUYUKSEHIR|SEVILLA|1,90|1,80
CELTIC|ASTANA|1,62|2,15
HAPOEL B.S.|MARIBOR|1,60|2,20
NAPOLI|NICE|2,41|1,50
OLYMPIAKOS|RIJEKA|1,53|2,35
EAST STIRLING|AYR UTD.|3,20|1,30
DUMBARTON|RANGERS M20|2,70|1,40
SPORTS BOYS WARNES|NACIONAL POTOSI|-|-
TIGRES|BUCARAMANGA|1,41|2,70
ATLETICO SOCOPO|CARABOBO|1,62|2,15
FYLKIR W|BREIDABLIK W|2,50|1,40
KR REYKJAVIK W|HAFNARFJORDUR W|2,06|1,60
D.ANZOATEGUI|ARAGUA|-|-
D.ANZOATEGUI|ARAGUA|1,62|2,15
PORT.ACARIGUA|DEP.LARA|1,69|2,05
ZULIA|DEP.ZULIA|1,80|1,90
CORTULUA|AGUILAS|1,47|2,50
ALIANZA PETROLERA|DEPORTIVO PASTO|1,69|2,05
ATL.VENEZUELA|DEP.LA GUAIRA|1,72|2,00
REAL MADRID|BARCELONA|3,55|1,25
UNIVERSITARIO|GUABIRA|-|-
UNIVERSITARIO|GUABIRA|-|-
PATRIOTAS|SANTA FE|1,41|2,70
JACKSONVILLE|PUERTO RICO FC|1,62|2,15
MINEROS|MONAGAS|-|-
ESTUDIANTES DE MERIDA|ZAMORA|-|-
ESTUDIANTES DE MERIDA|ZAMORA|1,72|2,00
MINEROS|MONAGAS|1,90|1,80
CARACAS|METROPOLITANOS|2,03|1,70
MONTREAL|CHICAGO|2,41|1,50
D.TACHIRA|TRUJILLANOS|1,90|1,80
BOLIVAR|ORIENTE PETROLERO|-|-
NECAXA|MINEROS Z.|1,96|1,75
DORADOS|TOLUCA|1,90|1,80
DORADOS|TOLUCA|-|-
NECAXA|MINEROS Z.|-|-
LEON|VERACRUZ|2,19|1,60
LANUS|UNION SANTA FE|1,53|2,35
LANUS|UNION SANTA FE|-|-
BLOOMING|THE STRONGEST|-|-
GREMIO|CRUZEIRO|1,60|2,20
BOTAFOGO|FLAMENGO|1,55|2,30
DEPORTIVO CALI|INDEPENDIENTE MEDELIN|1,80|1,90
ATLETICO NACIONAL|AMERICA CALI|1,60|2,20
POTROS|AMERICA|1,96|1,75
POTROS|AMERICA|-|-
BALESTIER|WARRIORS|2,29|1,55
HOLLAND W19|SPAIN W19|1,96|1,75
KAUNAS ZALGIRIS|STUMBRAS|1,60|2,20
TRACTOR SAZI|NAFT TEHRAN|1,47|2,50
ZOB AHAN|SEPAHAN|1,47|2,50
FERENCVAROS|HALADAS|1,96|1,75
PARS JAM|SANAT NAFT|1,47|2,50
SAIPA I.|ESTEGHLAL T.|1,47|2,50
AL RAED|AL FAISALY|2,11|1,65
PAU|CHOLET|1,60|2,20
APOLLON LIM.|MIDTJYLLAND|1,80|1,90
BATE BORISOV|OLEKSANDRIA|1,55|2,30
DINAMO Z.|SKENDERBEU|1,96|1,75
KRASNODAR|CRVENA ZVEZDA|1,69|2,05
MUNCHEN 1860|ILLERTISSEN|2,70|1,40
ULL KISA|START|2,19|1,60
LANDSKRONA|HUSQVARNA|2,37|1,45
HAFNARFJORDUR|BRAGA|1,55|2,30
AL AHLI JEDDAH|AL FATEH|2,55|1,45
SCOTLAND W19|ENGLAND W19|2,19|1,60
